ID,Item Code,Name,Description,Category ID,Unit of Measure,Unit Cost,Barcode,Manufacturer,Manufacturer Part Number,Supplier Name,Supplier Contact,Supplier Email,Supplier Phone,Supplier Website,Supplier Account Number,Minimum Order Quantity,Order Unit,Lead Time Days,Preferred Vendor,Alternate Vendor,Controlled Substance,Requires Prescription,Requires Expiration Tracking,Active
74cc797b-af56-4c2b-9d6e-2ef9a3e4fa7d,"A01","3"" Kling","Kling ",79a0875b-3829-497d-9d1d-3c6c90278d64,EA,,A01,"","","","","","","","",,"",,"","",FALSE,FALSE,FALSE,TRUE
03b9e6ca-13ea-4647-897a-524503b4cd00,"A02","2""x2"" Gauze","",79a0875b-3829-497d-9d1d-3c6c90278d64,EA,,A02,"","","","","","","","",,"",,"","",FALSE,FALSE,FALSE,TRUE
7cd04596-7875-4157-88ca-0744c508f295,"A04","4""x4"" Gauze","",79a0875b-3829-497d-9d1d-3c6c90278d64,EA,,A04,"","","","","","","","",,"",,"","",FALSE,FALSE,FALSE,TRUE
fc4575be-584c-4468-ac5e-b4bb6833fde8,"A05","5""x9"" Gauze","",79a0875b-3829-497d-9d1d-3c6c90278d64,EA,,A05,"","","","","","","","",,"",,"","",FALSE,FALSE,FALSE,TRUE
ea796771-220f-4e82-8ba5-10cd64880213,"A07","Sterile Water, 250ml Bottle, Saline","",79a0875b-3829-497d-9d1d-3c6c90278d64,EA,,A07,"","","","","","","","",,"",,"","",FALSE,FALSE,FALSE,TRUE
6df4be0a-843d-4905-ba07-25311077d69f,"A08","Triangular Bandages (Cravat)","",79a0875b-3829-497d-9d1d-3c6c90278d64,EA,,A08,"","","","","","","","",,"",,"","",FALSE,FALSE,FALSE,TRUE
0fd6adff-41d1-4099-8051-9fc8cc012299,"A09","Ace wrap, Elastic Bandage Roll, 4"" x 5yd","",79a0875b-3829-497d-9d1d-3c6c90278d64,Roll,,A09,"","","","","","","","",,"",,"","",FALSE,FALSE,FALSE,TRUE
d150399f-e7c1-4e4e-9fab-fe076537be7d,"A10","Coban, 2""","Alternate Location: On top of cabinet",79a0875b-3829-497d-9d1d-3c6c90278d64,EA,,A10,"","","","","","","","",,"",,"","",FALSE,FALSE,FALSE,TRUE
0b06dae7-4841-4e66-a480-e1274f781e47,"A17","Bandaids, Plastic, 3/4inch","",79a0875b-3829-497d-9d1d-3c6c90278d64,EA,,A17,"","","","","","","","",,"",,"","",FALSE,FALSE,FALSE,TRUE
b898b999-d902-4ed2-916f-4fff13207b8d,"A20","Hot Pack","Alternate Location: A03",79a0875b-3829-497d-9d1d-3c6c90278d64,EA,,A20,"","","","","","","","",,"",,"","",FALSE,FALSE,FALSE,TRUE
89df030a-1984-4fe2-bde0-a41926cb4e21,"A21","Cold Pack","Alternate Location: A06",79a0875b-3829-497d-9d1d-3c6c90278d64,EA,,A21,"","","","","","","","",,"",,"","",FALSE,FALSE,FALSE,TRUE
8daf45ea-e8c0-4ad1-837a-87a84afb1dfd,"A22","Trauma Dressing","",79a0875b-3829-497d-9d1d-3c6c90278d64,EA,,A22,"","","","","","","","",,"",,"","",FALSE,FALSE,FALSE,TRUE
11598ea1-ab07-491f-86d8-f3fb9e56d704,"A34","Foil Blanket (52in x 84in, Silver, Mylar Emergency Blanket)","",79a0875b-3829-497d-9d1d-3c6c90278d64,EA,,A34,"","","","","","","","",,"",,"","",FALSE,FALSE,FALSE,TRUE
117f3f3c-032c-4d97-adca-a8666597c625,"A35","1"" Tape, Hypo-Silk","Alternate Location: On top of cabinet",79a0875b-3829-497d-9d1d-3c6c90278d64,EA,,A35,"","","","","","","","",,"",,"","",FALSE,FALSE,FALSE,TRUE
9d510eff-2572-4043-a11c-fb802623e8e1,"A36","2"" Tape, Hypo-Silk","Alternate Location: On top of cabinet",79a0875b-3829-497d-9d1d-3c6c90278d64,EA,,A36,"","","","","","","","",,"",,"","",FALSE,FALSE,FALSE,TRUE
6f05f6ab-0ee8-41c6-9cd8-132cb4af5a6b,"A37","Splint, SAM, Flex-All, 4inch","",79a0875b-3829-497d-9d1d-3c6c90278d64,EA,,A37,"","","","","","","","",,"",,"","",FALSE,FALSE,FALSE,TRUE
9876fe43-648d-4c9e-8227-78d20e3818c6,"A70","C-Collar, ADULT (Cervical Collar, C Collar)","Alternate Location: Y14",79a0875b-3829-497d-9d1d-3c6c90278d64,EA,,A70,"","","","","","","","",,"",,"","",FALSE,FALSE,FALSE,TRUE
f3fadd79-df9a-4a68-9115-c3bd2ed28b5e,"B09","IV Catheter, 18g Angio (Blood Control, 1 1/6inch Needle)","Alternate Location: B3",79a0875b-3829-497d-9d1d-3c6c90278d64,EA,,B09,"","","","","","","","",,"",,"","",FALSE,FALSE,FALSE,TRUE
4b56f9c2-f580-4f79-9663-c42a99bb7d27,"B10","IV Catheter, 20g Angio (Blood Control, 1 1/6inch Needle)","Alternate Location: B4",79a0875b-3829-497d-9d1d-3c6c90278d64,EA,,B10,"","","","","","","","",,"",,"","",FALSE,FALSE,FALSE,TRUE
c99b9d26-9379-4768-ab47-bf859a4aa211,"B11","IV Catheter, 22g Angio (Blood Control, 1inch Needle)","Alternate Location: B5",79a0875b-3829-497d-9d1d-3c6c90278d64,EA,,B11,"","","","","","","","",,"",,"","",FALSE,FALSE,FALSE,TRUE
4d5b99eb-2d15-4cbe-a425-ddbcab7ba4ac,"B12","IV Catheter, 24g Angio (Blood Control, 3/4inch Needle)","Alternate Location: B6",79a0875b-3829-497d-9d1d-3c6c90278d64,EA,,B12,"","","","","","","","",,"",,"","",FALSE,FALSE,FALSE,TRUE
ff241976-abf0-4891-a12a-4bc51d428408,"B13","Needle, 21g 1-1/2"" (Hypodermic, Safety Glide, IM)","",79a0875b-3829-497d-9d1d-3c6c90278d64,EA,,B13,"","","","","","","","",,"",,"","",FALSE,FALSE,FALSE,TRUE
44039dd4-1150-4569-862d-e45e2f51c9ac,"B14","Needle, 25g 5/8"" (Hypodermic, Safety Glide, IM)","",79a0875b-3829-497d-9d1d-3c6c90278d64,EA,,B14,"","","","","","","","",,"",,"","",FALSE,FALSE,FALSE,TRUE
3e52fe90-7777-46ae-8d9c-ac5f62b58275,"B15","Alcohol Prep Pads","",79a0875b-3829-497d-9d1d-3c6c90278d64,EA,,B15,"","","","","","","","",,"",,"","",FALSE,FALSE,FALSE,TRUE
9ddd74c0-2c83-4e89-9dde-10c169813f42,"B16","IV Tourniquet, Rolled, 1""x18""","",79a0875b-3829-497d-9d1d-3c6c90278d64,EA,,B16,"","","","","","","","",,"",,"","",FALSE,FALSE,FALSE,TRUE
1a1d1f4a-d757-407e-bffc-c8ad18537ab3,"B17","Tegaderm Transparent Dressing","",79a0875b-3829-497d-9d1d-3c6c90278d64,EA,,B17,"","","","","","","","",,"",,"","",FALSE,FALSE,FALSE,TRUE
ef75c05f-b1e5-44cb-98dd-6a787cbaac0f,"B18","Saline Flush, 0.9% NaCl","Alternate Location: G35",79a0875b-3829-497d-9d1d-3c6c90278d64,EA,,B18,"","","","","","","","",,"",,"","",FALSE,FALSE,FALSE,TRUE
9214bd68-3b5a-4655-9ca4-d0bcbbcbc792,"Rx0","500ml Saline (IV solution, Sodium Chloride, 0.9%, NS)","",79a0875b-3829-497d-9d1d-3c6c90278d64,EA,,Rx0,"","","","","","","","",,"",,"","",FALSE,FALSE,FALSE,TRUE
bff09096-a3c9-4bb1-a07b-fb5dd21784c7,"B19","IV Extension (Ext set, J loop, J-loop, pressure rated)","Alternate Location: G31",79a0875b-3829-497d-9d1d-3c6c90278d64,EA,,B19,"","","","","","","","",,"",,"","",FALSE,FALSE,FALSE,TRUE
f90f773d-b154-4e5f-85f6-4b27cfcb94f8,"B21","Stopcock, 3-Way, Stop Cock","",79a0875b-3829-497d-9d1d-3c6c90278d64,EA,,B21,"","","","","","","","",,"",,"","",FALSE,FALSE,FALSE,TRUE
ac53492c-5436-4fb4-8821-4f06d8768800,"B22","Fluid Dispensing Connector, Green","",79a0875b-3829-497d-9d1d-3c6c90278d64,EA,,B22,"","","","","","","","",,"",,"","",FALSE,FALSE,FALSE,TRUE
31a991f6-f810-418d-9916-04df956140fb,"B23","IV Drip Set, Primary, 10 Drop, MACRO","Alternate Location: G30",79a0875b-3829-497d-9d1d-3c6c90278d64,EA,,B23,"","","","","","","","",,"",,"","",FALSE,FALSE,FALSE,TRUE
a7014be4-7afc-4937-8d31-61de0677bee2,"B26","FILTER STRAW, Flexible Straw","",79a0875b-3829-497d-9d1d-3c6c90278d64,EA,,B26,"","","","","","","","",,"",,"","",FALSE,FALSE,FALSE,TRUE
b8a1789a-885f-48be-be98-b4d7c85db966,"B27","1ml Syringe, Luer Lock","",79a0875b-3829-497d-9d1d-3c6c90278d64,EA,,B27,"","","","","","","","",,"",,"","",FALSE,FALSE,FALSE,TRUE
47000103-82bf-40a8-9bcb-2d64d6ba85ed,"B28","3ML Syringe, Luer-Lok w/ Vial Access Cannula","",79a0875b-3829-497d-9d1d-3c6c90278d64,EA,,B28,"","","","","","","","",,"",,"","",FALSE,FALSE,FALSE,TRUE
95c26ad8-8161-465c-bfef-2742c52a6e70,"B29","5ML Syringe, Luer-Lok w/ Vial Access Cannula","",79a0875b-3829-497d-9d1d-3c6c90278d64,EA,,B29,"","","","","","","","",,"",,"","",FALSE,FALSE,FALSE,TRUE
5091662d-497f-46d5-bb56-eac4ebc51f66,"B30","10ML Syringe, Luer-lok w/ vial access cannula","",79a0875b-3829-497d-9d1d-3c6c90278d64,EA,,B30,"","","","","","","","",,"",,"","",FALSE,FALSE,FALSE,TRUE
c34968c8-f880-486a-be7c-ad48e0af8096,"B32","30ml Syringe, Luer Lock","",79a0875b-3829-497d-9d1d-3c6c90278d64,EA,,B32,"","","","","","","","",,"",,"","",FALSE,FALSE,FALSE,TRUE
4f4cc274-6cb5-4f09-ab53-d619c759954d,"B33","60ml Syringe, Luer Lock","",79a0875b-3829-497d-9d1d-3c6c90278d64,EA,,B33,"","","","","","","","",,"",,"","",FALSE,FALSE,FALSE,TRUE
0643b714-4a32-44e7-9a3f-1af2fffdc3cb,"B42","Arm Board Small, Armboard, 9""x3""","",79a0875b-3829-497d-9d1d-3c6c90278d64,EA,,B42,"","","","","","","","",,"",,"","",FALSE,FALSE,FALSE,TRUE
d59069bd-ea71-4ec1-af28-381d3749cd8c,"B43","ChloraPrep One-Step, 3ml","Alternate Location: H29",79a0875b-3829-497d-9d1d-3c6c90278d64,EA,,B43,"","","","","","","","",,"",,"","",FALSE,FALSE,FALSE,TRUE
9bb4272e-254b-4f96-8f56-e89484fa7f96,"B44","Security Seals, Numbered","",79a0875b-3829-497d-9d1d-3c6c90278d64,EA,,B44,"","","","","","","","",,"",,"","",FALSE,FALSE,FALSE,TRUE
4e04485b-3592-4a5a-a135-01b3f811bf68,"B45","Arm Board Large, Armboard 18""x3""","",79a0875b-3829-497d-9d1d-3c6c90278d64,EA,,B45,"","","","","","","","",,"",,"","",FALSE,FALSE,FALSE,TRUE
aac346e4-6c8c-4dd8-b5dd-448948fbcd5a,"B50","Medication Added Labels (Med, Sticker)","",79a0875b-3829-497d-9d1d-3c6c90278d64,EA,,B50,"","","","","","","","",,"",,"","",FALSE,FALSE,FALSE,TRUE
c90709d8-9a8e-41cf-93a5-67d6f291785d,"B51","Vial Access Cannula","",79a0875b-3829-497d-9d1d-3c6c90278d64,EA,,B51,"","","","","","","","",,"",,"","",FALSE,FALSE,FALSE,TRUE
7cb4bae4-5621-46ae-bd37-62ae969b3756,"B54","Carpuject Holder","",79a0875b-3829-497d-9d1d-3c6c90278d64,EA,,B54,"","","","","","","","",,"",,"","",FALSE,FALSE,FALSE,TRUE
a58c8e69-cc21-4151-887a-60fc2bc8a79b,"B62","Battery, AAA (AAA Cell, Batteries)","",79a0875b-3829-497d-9d1d-3c6c90278d64,EA,,B62,"","","","","","","","",,"",,"","",FALSE,FALSE,FALSE,TRUE
765da429-7844-4d27-8a93-2f04ba24be70,"B64","Battery, AA (AA Cell, Batteries)","",79a0875b-3829-497d-9d1d-3c6c90278d64,EA,,B64,"","","","","","","","",,"",,"","",FALSE,FALSE,FALSE,TRUE
a6f32346-6279-4852-97e2-4ab746fb8c98,"B66","Battery, C (Size C Cell, Batteries)","",79a0875b-3829-497d-9d1d-3c6c90278d64,EA,,B66,"","","","","","","","",,"",,"","",FALSE,FALSE,FALSE,TRUE
326a4e49-9f6d-4681-b30b-cd721bdcfbf1,"C09","NPA, 14Fr (Latex Free, 14F, 14 F, 14 FR)","Alternate Location: D19",79a0875b-3829-497d-9d1d-3c6c90278d64,EA,,C09,"","","","","","","","",,"",,"","",FALSE,FALSE,FALSE,TRUE
40243458-0d67-42b1-820e-8f8281218828,"C10","NPA, 16Fr (Latex Free, 16F, 16 F, 16 FR)","Alternate Location: D19",79a0875b-3829-497d-9d1d-3c6c90278d64,EA,,C10,"","","","","","","","",,"",,"","",FALSE,FALSE,FALSE,TRUE
fe3fed85-b3fb-4437-a59a-094d705834b1,"C10_1","Oxygen Barb Adapter, Nipple/Nut, Xmas Tree, Swivel, Green, O2, Christmas Tree","",79a0875b-3829-497d-9d1d-3c6c90278d64,EA,,C10_1,"","","","","","","","",,"",,"","",FALSE,FALSE,FALSE,TRUE
113bd9d1-dc27-483f-a3f8-8e580d61051e,"C10_2","Oxygen Wrench, Small, With Chain (For E Cylinders, Plastic, small O2 bottle, O2 Wrench, O2 Key, Oxygen Key)","",79a0875b-3829-497d-9d1d-3c6c90278d64,EA,,C10_2,"","","","","","","","",,"",,"","",FALSE,FALSE,FALSE,TRUE
e006b0dc-17d7-4322-a708-0f41add172e6,"C11","NPA, 18Fr (Latex Free, 18F, 18 F, 18 FR)","Alternate Location: D65",79a0875b-3829-497d-9d1d-3c6c90278d64,EA,,C11,"","","","","","","","",,"",,"","",FALSE,FALSE,FALSE,TRUE
f9c3ff30-bc79-438d-a19b-f1ef55620f2e,"C12","NPA, 20Fr (Robertazzi style , 20F, 20 F, 20 FR)","Alternate Location: D65",79a0875b-3829-497d-9d1d-3c6c90278d64,EA,,C12,"","","","","","","","",,"",,"","",FALSE,FALSE,FALSE,TRUE
72412a45-502c-498a-bc85-7c373a8ab622,"C13","NPA, 22Fr (Robertazzi style, 22F, 22 F, 22 FR)","Alternate Location: D65",79a0875b-3829-497d-9d1d-3c6c90278d64,EA,,C13,"","","","","","","","",,"",,"","",FALSE,FALSE,FALSE,TRUE
54911236-9c30-4b0d-ba0e-452f8a4ffc11,"C14","NPA, 24Fr (Robertazzi style, 24F, 24 F, 24 FR)","Alternate Location: D65",79a0875b-3829-497d-9d1d-3c6c90278d64,EA,,C14,"","","","","","","","",,"",,"","",FALSE,FALSE,FALSE,TRUE
e32b0ce3-5438-41e0-94c2-40d575fc7de5,"C15","NPA, 26Fr (Robertazzi style, 26F, 26 F, 26 FR)","Alternate Location: D65",79a0875b-3829-497d-9d1d-3c6c90278d64,EA,,C15,"","","","","","","","",,"",,"","",FALSE,FALSE,FALSE,TRUE
66a84833-4d79-490f-9d3c-996b97b82699,"C16","NPA, 28Fr (Robertazzi style, 28F, 28 F, 28 FR)","Alternate Location: D65",79a0875b-3829-497d-9d1d-3c6c90278d64,EA,,C16,"","","","","","","","",,"",,"","",FALSE,FALSE,FALSE,TRUE
f01593b2-35e3-459a-a985-b3d29d91f389,"C17","NPA, 30Fr (Robertazzi style, 30F, 30 F, 30 FR)","Alternate Location: D65",79a0875b-3829-497d-9d1d-3c6c90278d64,EA,,C17,"","","","","","","","",,"",,"","",FALSE,FALSE,FALSE,TRUE
ae05b20b-0a60-4d8c-86f0-fc959f852b6c,"C18","NPA, 32Fr (Robertazzi style, 32F, 32 F, 32 FR)","Alternate Location: D65",79a0875b-3829-497d-9d1d-3c6c90278d64,EA,,C18,"","","","","","","","",,"",,"","",FALSE,FALSE,FALSE,TRUE
b086be20-49c8-4a5b-be22-4222cdecd09b,"C19","NPA, 34Fr (Robertazzi style, 34F, 34 F, 34 FR)","Alternate Location: D65",79a0875b-3829-497d-9d1d-3c6c90278d64,EA,,C19,"","","","","","","","",,"",,"","",FALSE,FALSE,FALSE,TRUE
e78f6f3f-e543-41a1-a1b0-2bc28c34cac2,"C20","NPA, 36Fr (Robertazzi style, 36F, 36 F, 36 FR)","Alternate Location: D65",79a0875b-3829-497d-9d1d-3c6c90278d64,EA,,C20,"","","","","","","","",,"",,"","",FALSE,FALSE,FALSE,TRUE
67afa56a-bc4c-4a95-b1c7-6da83d8e0426,"C21","Lube (KY, 2.7gm, Water Soluble, Lubricating Jelly)","",79a0875b-3829-497d-9d1d-3c6c90278d64,EA,,C21,"","","","","","","","",,"",,"","",FALSE,FALSE,FALSE,TRUE
65d01420-9295-439b-9f9e-ea6bd5641672,"C25","6.0 ET Cuffed, W/stylet, ETT, Tube","",79a0875b-3829-497d-9d1d-3c6c90278d64,EA,,C25,"","","","","","","","",,"",,"","",FALSE,FALSE,FALSE,TRUE
8a2127d0-52ce-475d-96e0-158226c74708,"C26","6.5 ET Cuffed, W/stylet, ETT, Tube","",79a0875b-3829-497d-9d1d-3c6c90278d64,EA,,C26,"","","","","","","","",,"",,"","",FALSE,FALSE,FALSE,TRUE
04cc7c1c-1056-4097-bd6d-299cd56c0d5e,"C27","7.0 ET Cuffed, W/stylet, ETT, Tube","",79a0875b-3829-497d-9d1d-3c6c90278d64,EA,,C27,"","","","","","","","",,"",,"","",FALSE,FALSE,FALSE,TRUE
eb02f97b-585b-4c55-9bff-4d8ceca8b260,"C28","7.5 ET Cuffed, W/stylet, ETT, Tube","",79a0875b-3829-497d-9d1d-3c6c90278d64,EA,,C28,"","","","","","","","",,"",,"","",FALSE,FALSE,FALSE,TRUE
d5a4323d-6259-4147-9c72-d2e9692abe7a,"C29","8.0 ET Cuffed, W/stylet, ETT, Tube","",79a0875b-3829-497d-9d1d-3c6c90278d64,EA,,C29,"","","","","","","","",,"",,"","",FALSE,FALSE,FALSE,TRUE
5ee9182b-a5d7-49fc-bfb1-8d51f4fd22ce,"C30","8.5 ET Cuffed, W/stylet, ETT, Tube","",79a0875b-3829-497d-9d1d-3c6c90278d64,EA,,C30,"","","","","","","","",,"",,"","",FALSE,FALSE,FALSE,TRUE
aa52d861-46fc-42cb-b47f-5afdfa506669,"C31","Adult ET Tube Holder, Blue/yellow","",79a0875b-3829-497d-9d1d-3c6c90278d64,EA,,C31,"","","","","","","","",,"",,"","",FALSE,FALSE,FALSE,TRUE
2b462038-3a91-4d0b-a292-332c5043bdd6,"C45","Air-Q SP3G LMA Size 3, Sm. Adult(66-132lb/30-60kg, airq, air q)","",79a0875b-3829-497d-9d1d-3c6c90278d64,EA,,C45,"","","","","","","","",,"",,"","",FALSE,FALSE,FALSE,TRUE
c8a8e362-5e35-40c0-be98-a57516e188c9,"C46","Air-Q SP3G LMA Size 4, Med. Adult(132-176lb/60-80kg, airq, air q)","",79a0875b-3829-497d-9d1d-3c6c90278d64,EA,,C46,"","","","","","","","",,"",,"","",FALSE,FALSE,FALSE,TRUE
66cb5f7b-207f-4981-875f-a8792eb29895,"C47","Air-Q SP3G LMA Size 5, Lg. Adult (>176lb/>80kg, airq, air q)","",79a0875b-3829-497d-9d1d-3c6c90278d64,EA,,C47,"","","","","","","","",,"",,"","",FALSE,FALSE,FALSE,TRUE
9bc335b7-4808-46ef-abb2-5eb9e838b82a,"C90","OPA, 40mm, Pink, Size 00, Infant","",79a0875b-3829-497d-9d1d-3c6c90278d64,EA,,C90,"","","","","","","","",,"",,"","",FALSE,FALSE,FALSE,TRUE
eac12b68-c997-4f8e-b879-57086be49f61,"C91","OPA, 50mm, Lt. Blue, Size 0, SM Child","",79a0875b-3829-497d-9d1d-3c6c90278d64,EA,,C91,"","","","","","","","",,"",,"","",FALSE,FALSE,FALSE,TRUE
d7f38869-698b-42ae-995d-a925b7f45994,"C92","OPA, 60mm, Black, Size 1, Child","",79a0875b-3829-497d-9d1d-3c6c90278d64,EA,,C92,"","","","","","","","",,"",,"","",FALSE,FALSE,FALSE,TRUE
873f2776-9c88-44d1-bb2d-965a0b9d7bf1,"C93","OPA, 70mm, White, Size 2, LG Child","",79a0875b-3829-497d-9d1d-3c6c90278d64,EA,,C93,"","","","","","","","",,"",,"","",FALSE,FALSE,FALSE,TRUE
87345872-07c6-4108-bc5d-2b0e1d28f866,"C94","OPA, 80mm, Green, Size 3, SM Adult","",79a0875b-3829-497d-9d1d-3c6c90278d64,EA,,C94,"","","","","","","","",,"",,"","",FALSE,FALSE,FALSE,TRUE
f9061854-d952-4d51-bd98-b868f0b2a234,"C95","OPA, 90mm, Yellow, Size 4, MED Adult","",79a0875b-3829-497d-9d1d-3c6c90278d64,EA,,C95,"","","","","","","","",,"",,"","",FALSE,FALSE,FALSE,TRUE
4cff1836-a1d3-4e63-8b43-4b8a0cd7091a,"C96","OPA, 100mm, Lavender or Red, Size 5, LG Adult","",79a0875b-3829-497d-9d1d-3c6c90278d64,EA,,C96,"","","","","","","","",,"",,"","",FALSE,FALSE,FALSE,TRUE
74ceb5f9-0164-42ad-ac2f-7a74fc52ac5e,"C97","OPA, 110mm, Orange or Blue, Size 6, XL Adult","",79a0875b-3829-497d-9d1d-3c6c90278d64,EA,,C97,"","","","","","","","",,"",,"","",FALSE,FALSE,FALSE,TRUE
dbad9bab-6f4f-471a-b551-ba30a4ec33d8,"D01","CO2 Sampling Line, ET FilterLine Set, Adult/Pediatric (Tube, ETCO2, Capno)","",79a0875b-3829-497d-9d1d-3c6c90278d64,EA,,D01,"","","","","","","","",,"",,"","",FALSE,FALSE,FALSE,TRUE
85868868-615a-4969-8574-26212db2127e,"D02","ETCO2 ADULT NC Sampling Line (Adult Capnocannula, CO2, Cannula)","Alternate Location: Y14",79a0875b-3829-497d-9d1d-3c6c90278d64,EA,,D02,"","","","","","","","",,"",,"","",FALSE,FALSE,FALSE,TRUE
aa03ff9f-fe01-455f-9b24-80a3177e23c1,"D03","Nebulizer w/ Aerosol Mask, ADULT","Alternate Location: D85",79a0875b-3829-497d-9d1d-3c6c90278d64,EA,,D03,"","","","","","","","",,"",,"","",FALSE,FALSE,FALSE,TRUE
f8700fc1-df20-43f8-82e6-28e3765a6c93,"D04","Nebulizer, ADULT, No Mask","Alternate Location: D84",79a0875b-3829-497d-9d1d-3c6c90278d64,EA,,D04,"","","","","","","","",,"",,"","",FALSE,FALSE,FALSE,TRUE
fcd8d981-29a1-4094-9fc3-1f88dd023878,"D05","NRB, ADULT (Non-Rebreather, non rebreather)","Alternate Location: D80",79a0875b-3829-497d-9d1d-3c6c90278d64,EA,,D05,"","","","","","","","",,"",,"","",FALSE,FALSE,FALSE,TRUE
aebb9e76-288f-4db3-a128-e518f9a83086,"D06","NC, ADULT, Nasal Cannula","Alternate Location: D81",79a0875b-3829-497d-9d1d-3c6c90278d64,EA,,D06,"","","","","","","","",,"",,"","",FALSE,FALSE,FALSE,TRUE
afbbde90-d5cd-41d9-901b-a85f8964674a,"D28","CPAP w/neb-connect capno kit, medium mask (GoPap, c pap, go pap, gopap)","",79a0875b-3829-497d-9d1d-3c6c90278d64,EA,,D28,"","","","","","","","",,"",,"","",FALSE,FALSE,FALSE,TRUE
5e1da332-c90e-4229-89a6-bd8d07652d39,"D41","Suction Canister, 1200ml","",79a0875b-3829-497d-9d1d-3c6c90278d64,EA,,D41,"","","","","","","","",,"",,"","",FALSE,FALSE,FALSE,TRUE
d62dd0c7-e217-401c-982e-a216dfaace7f,"D55","Suction DuCanto Catheter w/6ft tubing (tubing and Tonsil Tip)","",79a0875b-3829-497d-9d1d-3c6c90278d64,EA,,D55,"","","","","","","","",,"",,"","",FALSE,FALSE,FALSE,TRUE
f79a4ca8-8043-489b-b2db-a9560172c18d,"D60","Emesis Bag (Vomit, Puke, Convenience)","",79a0875b-3829-497d-9d1d-3c6c90278d64,EA,,D60,"","","","","","","","",,"",,"","",FALSE,FALSE,FALSE,TRUE
ef20f2cf-f205-4b71-b802-6746c041e9fd,"E13","Razors","",79a0875b-3829-497d-9d1d-3c6c90278d64,EA,,E13,"","","","","","","","",,"",,"","",FALSE,FALSE,FALSE,TRUE
16249eba-f0a6-4ff2-ba23-c6425d7e7442,"E16","NIBP Tube Set, Dual Tube Connector, 8"" (B/P, Cuff, Blood Pressure)","",79a0875b-3829-497d-9d1d-3c6c90278d64,EA,,E16,"","","","","","","","",,"",,"","",FALSE,FALSE,FALSE,TRUE
24b15a97-4fe5-4b88-a164-c246ada947f0,"E22","NiBP Cuff, 2 Tube Locking Connector, Size 11, Adult (B/P, Cuff, Blood Pressure)","",79a0875b-3829-497d-9d1d-3c6c90278d64,EA,,E22,"","","","","","","","",,"",,"","",FALSE,FALSE,FALSE,TRUE
816c14b0-897f-4eed-9168-6a7ae869e1d1,"E30","Glucometer Lancets","",79a0875b-3829-497d-9d1d-3c6c90278d64,BX,,E30,"","","","","","","","",,"",,"","",FALSE,FALSE,FALSE,TRUE
e8f4b50a-1cab-47fa-ab89-47e84b07cc37,"E45","EKG Electrode, Adult (Ambu BlueSensor R, EKG patches, ECG)","Alternate Location: Y14",79a0875b-3829-497d-9d1d-3c6c90278d64,EA,,E45,"","","","","","","","",,"",,"","",FALSE,FALSE,FALSE,TRUE
66cfa5fe-d9fc-4c12-9be2-0979ce35f1bf,"E52","Monitor EKG Paper, 80mm, With grid (Zoll X Series, ECG)","",79a0875b-3829-497d-9d1d-3c6c90278d64,EA,,E52,"","","","","","","","",,"",,"","",FALSE,FALSE,FALSE,TRUE
97fb6525-9cdc-4e1a-92a7-dc0e635522a8,"F01","2.5 ET Cuffed, W/stylet, ETT, Tube","",79a0875b-3829-497d-9d1d-3c6c90278d64,EA,,F01,"","","","","","","","",,"",,"","",FALSE,FALSE,FALSE,TRUE
23469344-75aa-42d9-8d78-8add5313b736,"F02","3.0 ET Cuffed, W/stylet, ETT, Tube","",79a0875b-3829-497d-9d1d-3c6c90278d64,EA,,F02,"","","","","","","","",,"",,"","",FALSE,FALSE,FALSE,TRUE
ea21d0b7-7e5e-45bb-9702-a392ca25566e,"F03","3.5 ET Cuffed, W/stylet, ETT, Tube","",79a0875b-3829-497d-9d1d-3c6c90278d64,EA,,F03,"","","","","","","","",,"",,"","",FALSE,FALSE,FALSE,TRUE
ead556d8-caf1-48f0-be62-c2a45c9da20a,"F04","4.0 ET Cuffed, W/stylet, ETT, Tube","",79a0875b-3829-497d-9d1d-3c6c90278d64,EA,,F04,"","","","","","","","",,"",,"","",FALSE,FALSE,FALSE,TRUE
ca440bf2-da07-4fa9-b830-0fe6aa08fcfc,"F05","4.5 ET Cuffed, W/stylet, ETT, Tube","",79a0875b-3829-497d-9d1d-3c6c90278d64,EA,,F05,"","","","","","","","",,"",,"","",FALSE,FALSE,FALSE,TRUE
3a3a6d64-d50d-470a-abf5-8feec289e559,"F10","5.0 ET Cuffed, W/stylet, ETT, Tube","",79a0875b-3829-497d-9d1d-3c6c90278d64,EA,,F10,"","","","","","","","",,"",,"","",FALSE,FALSE,FALSE,TRUE
6ffa3b9e-1f6a-4e54-9a2a-f84fb4a5897b,"F11","5.5 ET Cuffed, W/stylet, ETT, Tube","",79a0875b-3829-497d-9d1d-3c6c90278d64,EA,,F11,"","","","","","","","",,"",,"","",FALSE,FALSE,FALSE,TRUE
706c3873-f214-4e2e-aded-37a859542dcb,"F12","Pediatric Tube Holder, Pink","",79a0875b-3829-497d-9d1d-3c6c90278d64,EA,,F12,"","","","","","","","",,"",,"","",FALSE,FALSE,FALSE,TRUE
02022de8-adca-4da1-8023-2ccee25ec52c,"F30","EKG Electrode, Pediatric (ECG, EKG Patches, Zoll)","",79a0875b-3829-497d-9d1d-3c6c90278d64,EA,,F30,"","","","","","","","",,"",,"","",FALSE,FALSE,FALSE,TRUE
7971240a-a071-4ead-be1c-fde691d88828,"F34","SPO2 ONLY, INFANT, M-LNCS Disposable Sensor, 3-20kg","",79a0875b-3829-497d-9d1d-3c6c90278d64,EA,,F34,"","","","","","","","",,"",,"","",FALSE,FALSE,FALSE,TRUE
773d6429-7cae-42e7-8af9-dae133b29bbd,"F40","SPO2 ONLY, PEDIATRIC, M-LNCS Disposable Sensor, 10-50kg","",79a0875b-3829-497d-9d1d-3c6c90278d64,EA,,F40,"","","","","","","","",,"",,"","",FALSE,FALSE,FALSE,TRUE
d6069b28-0829-4d43-84a1-b69a95b0995a,"F44","NRB, INFANT (Non-rebreather, non rebreather)","",79a0875b-3829-497d-9d1d-3c6c90278d64,EA,,F44,"","","","","","","","",,"",,"","",FALSE,FALSE,FALSE,TRUE
a517184b-acb2-495c-af32-0e505797d4b5,"F45","Pedi Capno (Capnocannula, ETCO2)","",79a0875b-3829-497d-9d1d-3c6c90278d64,EA,,F45,"","","","","","","","",,"",,"","",FALSE,FALSE,FALSE,TRUE
1639affd-8ffc-4172-bbfd-42d1d656d8b3,"F46","NRB, PEDI(Non-rebreather, non rebreather)","",79a0875b-3829-497d-9d1d-3c6c90278d64,EA,,F46,"","","","","","","","",,"",,"","",FALSE,FALSE,FALSE,TRUE
65d2cc4b-cada-4897-9782-373e428285fd,"F50","Nebulizer Aerosol Mask, PEDIATRIC, Small Volume","",79a0875b-3829-497d-9d1d-3c6c90278d64,EA,,F50,"","","","","","","","",,"",,"","",FALSE,FALSE,FALSE,TRUE
014f8417-f4bc-4df8-a385-2cce54c09ca3,"H10","Probe Covers For Welch Allyn Thermometers (Temperature)","",79a0875b-3829-497d-9d1d-3c6c90278d64,EA,,H10,"","","","","","","","",,"",,"","",FALSE,FALSE,FALSE,TRUE
77823435-0721-47a0-a5d7-aa5ce6759384,"H41","Biohazard Waste Bag, 14.5in x 19in, 1.25mil Gauge 1","",79a0875b-3829-497d-9d1d-3c6c90278d64,Roll,,H41,"","","","","","","","",,"",,"","",FALSE,FALSE,FALSE,TRUE
d51ecfb4-c741-4943-aaaa-cbaa29bb53c9,"H45","Large Sharps Container, 5Q","Alternate Location: H08",79a0875b-3829-497d-9d1d-3c6c90278d64,EA,,H45,"","","","","","","","",,"",,"","",FALSE,FALSE,FALSE,TRUE
fb9813de-9d5e-4a25-86ce-a66a85495a12,"H47","Small Sharps Container, 1 Quart","Alternate Location: H09",79a0875b-3829-497d-9d1d-3c6c90278d64,EA,,H47,"","","","","","","","",,"",,"","",FALSE,FALSE,FALSE,TRUE
1b8356be-5869-4d5e-8f8d-d026eb50fe8a,"H50","Quick Warming Blankets","Alternate Location: H07",79a0875b-3829-497d-9d1d-3c6c90278d64,EA,,H50,"","","","","","","","",,"",,"","",FALSE,FALSE,FALSE,TRUE
068259ca-c56c-4a87-ae85-3f703901dbe2,"H51","Mega Mover Chair","Alternate Location: Y14",79a0875b-3829-497d-9d1d-3c6c90278d64,EA,,H51,"","","","","","","","",,"",,"","",FALSE,FALSE,FALSE,TRUE
c5727c0c-356b-4083-9081-873a3a0755a4,"H52","Megamover Tarp, White-(2 total, Cot, Outside comp.)","",79a0875b-3829-497d-9d1d-3c6c90278d64,EA,,H52,"","","","","","","","",,"",,"","",FALSE,FALSE,FALSE,TRUE
704b17ed-28cf-4392-9ed7-afaccf700360,"J20","Gloves, LC, XSM, X-Small","Alternate Location: T03",79a0875b-3829-497d-9d1d-3c6c90278d64,BX,,J20,"","","","","","","","",,"",,"","",FALSE,FALSE,FALSE,TRUE
0460c611-9828-4197-a7ed-a1982c28d92f,"J21","Gloves, LC, SM, Small","Alternate Location: T03",79a0875b-3829-497d-9d1d-3c6c90278d64,BX,,J21,"","","","","","","","",,"",,"","",FALSE,FALSE,FALSE,TRUE
8575e81e-5b3c-40ef-b221-501d8eaccdb1,"J22","Gloves, LC, MED, Medium","Alternate Location: T04",79a0875b-3829-497d-9d1d-3c6c90278d64,BX,,J22,"","","","","","","","",,"",,"","",FALSE,FALSE,FALSE,TRUE
c10436b0-b6e4-40fa-9e0b-7c4ac72921e0,"J23","Gloves, LC, LG, Large","Alternate Location: T01",79a0875b-3829-497d-9d1d-3c6c90278d64,BX,,J23,"","","","","","","","",,"",,"","",FALSE,FALSE,FALSE,TRUE
ca463f20-9cb4-4e2b-9529-6a5382e02643,"J24","Gloves, LC, XL, X-Large","Alternate Location: T02",79a0875b-3829-497d-9d1d-3c6c90278d64,BX,,J24,"","","","","","","","",,"",,"","",FALSE,FALSE,FALSE,TRUE
591e101f-585f-4a6b-8d23-fe5ae2af2830,"J25","Gloves, LC, 2XL, XXL, XX-Large","Alternate Location: T03",79a0875b-3829-497d-9d1d-3c6c90278d64,BX,,J25,"","","","","","","","",,"",,"","",FALSE,FALSE,FALSE,TRUE
218381c8-ecc1-41b9-b6fe-486d1794038a,"J27","Spit Hood","",79a0875b-3829-497d-9d1d-3c6c90278d64,EA,,J27,"","","","","","","","",,"",,"","",FALSE,FALSE,FALSE,TRUE
9f8c3bbf-c1c1-451e-8f86-d5bae0b8ab90,"K01","Tire Shine","Alternate Location: 1.0",018b4d4c-d3db-47c0-b0c9-411b1fdbb90a,EA,,K01,"","","","","","","","",,"",,"","",FALSE,FALSE,FALSE,TRUE
234cb620-3368-46e2-9480-3715d304a523,"K02","Bug/Tar Remover","Alternate Location: 1.0",018b4d4c-d3db-47c0-b0c9-411b1fdbb90a,EA,,K02,"","","","","","","","",,"",,"","",FALSE,FALSE,FALSE,TRUE
e09a5170-0879-4fde-9d67-512e620879d9,"K04","Swiffer Dust Kit","Alternate Location: 1.0",018b4d4c-d3db-47c0-b0c9-411b1fdbb90a,EA,,K04,"","","","","","","","",,"",,"","",FALSE,FALSE,FALSE,TRUE
5247f7de-3d79-4e1d-8d2e-8155648c1a4c,"K05","Swiffer Dust Refill Singles","Alternate Location: 1.0",018b4d4c-d3db-47c0-b0c9-411b1fdbb90a,EA,,K05,"","","","","","","","",,"",,"","",FALSE,FALSE,FALSE,TRUE
81489f50-3e02-4a13-a80b-343e0d387cef,"K06","Fly trap ribbon- Raid","Alternate Location: 1.0",018b4d4c-d3db-47c0-b0c9-411b1fdbb90a,EA,,K06,"","","","","","","","",,"",,"","",FALSE,FALSE,FALSE,TRUE
617c1e3c-dc7d-4deb-b413-7b614f73e8ca,"K07","Bed Bug/Flea Bomb 3/pk Hot Shot","Alternate Location: 1.0",018b4d4c-d3db-47c0-b0c9-411b1fdbb90a,EA,,K07,"","","","","","","","",,"",,"","",FALSE,FALSE,FALSE,TRUE
60efd9fc-22cb-4090-a978-3ec15ef3fccc,"K11","Finish Dishwasher Gelpacs","Alternate Location: 1.0",018b4d4c-d3db-47c0-b0c9-411b1fdbb90a,EA,,K11,"","","","","","","","",,"",,"","",FALSE,FALSE,FALSE,TRUE
b4f8e978-aeb5-46da-86c5-bd3a33909e7b,"K20","Comet Scour Powder","Alternate Location: 1.0",018b4d4c-d3db-47c0-b0c9-411b1fdbb90a,EA,,K20,"","","","","","","","",,"",,"","",FALSE,FALSE,FALSE,TRUE
f75cc6a9-8662-4dce-be7a-a436ef4bee91,"K21","Non-scratch Dish Brush","Alternate Location: 1.0",018b4d4c-d3db-47c0-b0c9-411b1fdbb90a,EA,,K21,"","","","","","","","",,"",,"","",FALSE,FALSE,FALSE,TRUE
83b502a4-3e4d-42a6-af55-7fed6afdca3f,"K22","Non-scratch Sponge","Alternate Location: 3.0",018b4d4c-d3db-47c0-b0c9-411b1fdbb90a,EA,,K22,"","","","","","","","",,"",,"","",FALSE,FALSE,FALSE,TRUE
84091a97-5371-401d-bbcd-037ca298a308,"K23","Soap pads (Brillo, SOS)","Alternate Location: 2.0",018b4d4c-d3db-47c0-b0c9-411b1fdbb90a,EA,,K23,"","","","","","","","",,"",,"","",FALSE,FALSE,FALSE,TRUE
a733be6c-aeb7-4821-ad51-c9a8235901d4,"K24","Purell Hand Sanitizer (Extra on top of Tan cabinet)","Alternate Location: 2.0",018b4d4c-d3db-47c0-b0c9-411b1fdbb90a,EA,,K24,"","","","","","","","",,"",,"","",FALSE,FALSE,FALSE,TRUE
f8eed373-d3b0-4c43-a43d-8987b03c2ca6,"K30","WD-40","Alternate Location: 1.0",018b4d4c-d3db-47c0-b0c9-411b1fdbb90a,EA,,K30,"","","","","","","","",,"",,"","",FALSE,FALSE,FALSE,TRUE
8724d67c-91e8-4e6c-ba39-0f55c56d132c,"K32","Clorox Fuzion","Alternate Location: 1.0",018b4d4c-d3db-47c0-b0c9-411b1fdbb90a,EA,,K32,"","","","","","","","",,"",,"","",FALSE,FALSE,FALSE,TRUE
79beadfa-223c-434d-9107-19ad7cae6e36,"K40","Laundry Sanitizer","Alternate Location: 1.0",018b4d4c-d3db-47c0-b0c9-411b1fdbb90a,EA,,K40,"","","","","","","","",,"",,"","",FALSE,FALSE,FALSE,TRUE
2f077e3f-6db1-46c2-a06c-bab18c9027a5,"K41","Lime-a-way","Alternate Location: 1.0",018b4d4c-d3db-47c0-b0c9-411b1fdbb90a,EA,,K41,"","","","","","","","",,"",,"","",FALSE,FALSE,FALSE,TRUE
43e55e6d-b315-48ca-91f4-e6ad8b5530d2,"K62","Glass Cleaner","Alternate Location: 2.0",018b4d4c-d3db-47c0-b0c9-411b1fdbb90a,EA,,K62,"","","","","","","","",,"",,"","",FALSE,FALSE,FALSE,TRUE
9ea71e54-2367-4466-a819-05fbd4992eba,"K63","Trigger sprayer for Glass Cleaner","Alternate Location: 2.0",018b4d4c-d3db-47c0-b0c9-411b1fdbb90a,EA,,K63,"","","","","","","","",,"",,"","",FALSE,FALSE,FALSE,TRUE
5106da9f-0109-4b85-b0b6-35af10814558,"K71","Formula 409 Multi Surface Cleaner","Alternate Location: 2.0",018b4d4c-d3db-47c0-b0c9-411b1fdbb90a,EA,,K71,"","","","","","","","",,"",,"","",FALSE,FALSE,FALSE,TRUE
48e1964e-3da0-4e59-9471-0149f3fa915f,"K72","Clorox Anywhere (Kitchen, Shower, bathroom)","Alternate Location: 2.0",018b4d4c-d3db-47c0-b0c9-411b1fdbb90a,EA,,K72,"","","","","","","","",,"",,"","",FALSE,FALSE,FALSE,TRUE
28ca0e83-4e94-4214-a688-30fdbe71c8d7,"K73","Dawn Dish Soap, Reg Scent (Dish Detergent)","Alternate Location: 1.0",018b4d4c-d3db-47c0-b0c9-411b1fdbb90a,EA,,K73,"","","","","","","","",,"",,"","",FALSE,FALSE,FALSE,TRUE
75f0effc-f986-4302-99c2-288483f7e260,"K80","Disinfectant Wipes, Bleach Free, Extra @ U9","Alternate Location: 2.0",018b4d4c-d3db-47c0-b0c9-411b1fdbb90a,EA,,K80,"","","","","","","","",,"",,"","",FALSE,FALSE,FALSE,TRUE
296552c6-1e27-4b39-b17b-555b6b9b2eb8,"M01","Toilet Paper, TP (Extra @ U1, U3, U5, U7)","Alternate Location: 12.0",018b4d4c-d3db-47c0-b0c9-411b1fdbb90a,EA,,M01,"","","","","","","","",,"",,"","",FALSE,FALSE,FALSE,TRUE
52588614-6ff1-4b92-89c9-0f2e5283dcba,"M02","Paper Towel, Roll, Kitchen, PT (Extra @ U2, U4, U6)","Alternate Location: 12.0",018b4d4c-d3db-47c0-b0c9-411b1fdbb90a,EA,,M02,"","","","","","","","",,"",,"","",FALSE,FALSE,FALSE,TRUE
fd9b72ac-8d98-4e1c-b988-c4c5893e448c,"M03","Multi Fold Hand, Paper, Towels, Tri fold (Extra @ V4)","Alternate Location: 12.0",018b4d4c-d3db-47c0-b0c9-411b1fdbb90a,EA,,M03,"","","","","","","","",,"",,"","",FALSE,FALSE,FALSE,TRUE
58647ef0-2a85-4e82-b456-cc24a007c912,"N01","Laundry Detergent 5 Gallon Pail","Alternate Location: 1.0",018b4d4c-d3db-47c0-b0c9-411b1fdbb90a,EA,,N01,"","","","","","","","",,"",,"","",FALSE,FALSE,FALSE,TRUE
f90a8b63-9e2b-4550-9f7e-05d11785fd8e,"N02","Car wash, 5 gallon pail","Alternate Location: 1.0",018b4d4c-d3db-47c0-b0c9-411b1fdbb90a,EA,,N02,"","","","","","","","",,"",,"","",FALSE,FALSE,FALSE,TRUE
3c5638d1-15f0-4521-b818-165f5cd917c9,"O01","Stainless Steel polish Oil Based","Alternate Location: 1.0",018b4d4c-d3db-47c0-b0c9-411b1fdbb90a,EA,,O01,"","","","","","","","",,"",,"","",FALSE,FALSE,FALSE,TRUE
ddd52720-cde3-46ae-b22e-1b3b11222c68,"O02","Furniture Polish","Alternate Location: 1.0",018b4d4c-d3db-47c0-b0c9-411b1fdbb90a,EA,,O02,"","","","","","","","",,"",,"","",FALSE,FALSE,FALSE,TRUE
8775c86a-3848-4e78-94fb-b64472cf0ad7,"O04","Urinal Screen/Block","Alternate Location: 1.0",018b4d4c-d3db-47c0-b0c9-411b1fdbb90a,EA,,O04,"","","","","","","","",,"",,"","",FALSE,FALSE,FALSE,TRUE
ef61c6f9-ee33-4acc-aa91-a1fdaecab86d,"O05","Dust Pan","Alternate Location: 1.0",018b4d4c-d3db-47c0-b0c9-411b1fdbb90a,EA,,O05,"","","","","","","","",,"",,"","",FALSE,FALSE,FALSE,TRUE
554ca75a-1548-42b8-baa7-ccd2fb277cff,"O06","Dust Mop Refill","Alternate Location: 1.0",018b4d4c-d3db-47c0-b0c9-411b1fdbb90a,EA,,O06,"","","","","","","","",,"",,"","",FALSE,FALSE,FALSE,TRUE
7555d964-9b30-4629-9f74-06eaa7e843bc,"P02","Large Mop Head, White, Web Foot * Highly Launderable & Durable *","Alternate Location: 1.0",018b4d4c-d3db-47c0-b0c9-411b1fdbb90a,EA,,P02,"","","","","","","","",,"",,"","",FALSE,FALSE,FALSE,TRUE
a8510db1-99d0-4409-80d6-7dd2cf02215b,"P04","Scrub Brush, Large","Alternate Location: 1.0",018b4d4c-d3db-47c0-b0c9-411b1fdbb90a,EA,,P04,"","","","","","","","",,"",,"","",FALSE,FALSE,FALSE,TRUE
985f7698-efaa-4bce-b953-bd69791d71b1,"P11","Rain-X Windshield Washer Fluid- ORANGE","Alternate Location: 1.0",018b4d4c-d3db-47c0-b0c9-411b1fdbb90a,EA,,P11,"","","","","","","","",,"",,"","",FALSE,FALSE,FALSE,TRUE
5acadba0-8ee8-47fa-9038-958148a579d0,"P14","Steri-Fab Disinfectant, Bed Bugs 16oz","Alternate Location: 1.0",018b4d4c-d3db-47c0-b0c9-411b1fdbb90a,EA,,P14,"","","","","","","","",,"",,"","",FALSE,FALSE,FALSE,TRUE
b5b31e4c-7445-475e-b3ba-078f3e4d3837,"P21","Treadmill Lubricant, 100% Silicone, Lube, oil","Alternate Location: 1.0",018b4d4c-d3db-47c0-b0c9-411b1fdbb90a,EA,,P21,"","","","","","","","",,"",,"","",FALSE,FALSE,FALSE,TRUE
d2642c44-66e8-45ed-8d1e-b6a5cd5943da,"P22","Trash Bags, LARGE (Bay, 40x46) Extra @ U10","Alternate Location: 3.0",018b4d4c-d3db-47c0-b0c9-411b1fdbb90a,EA,,P22,"","","","","","","","",,"",,"","",FALSE,FALSE,FALSE,TRUE
515d2859-890f-41d0-bc71-f2fe2d6e7870,"P25","Trash Bags, SMALL (Kitchen, 24x32) Extra @ U10","Alternate Location: 3.0",018b4d4c-d3db-47c0-b0c9-411b1fdbb90a,EA,,P25,"","","","","","","","",,"",,"","",FALSE,FALSE,FALSE,TRUE
4391d52f-ad69-4e42-a04e-96069b38150b,"P43","Cling Toilet Bowl Cleaner","Alternate Location: 1.0",018b4d4c-d3db-47c0-b0c9-411b1fdbb90a,EA,,P43,"","","","","","","","",,"",,"","",FALSE,FALSE,FALSE,TRUE
5dbb18b9-bb52-4c72-80c6-c32e3e53843c,"P44","Wet Mop Floor Cleaner","Alternate Location: 1.0",018b4d4c-d3db-47c0-b0c9-411b1fdbb90a,EA,,P44,"","","","","","","","",,"",,"","",FALSE,FALSE,FALSE,TRUE
c1cea2f2-cde9-496a-8dbc-297232879c35,"P45","Clorox Germicidal Bleach, Gallon","Alternate Location: 1.0",018b4d4c-d3db-47c0-b0c9-411b1fdbb90a,EA,,P45,"","","","","","","","",,"",,"","",FALSE,FALSE,FALSE,TRUE